/*
Deployment script for Employees

This code was generated by a tool.
Changes to this file may cause incorrect behavior and will be lost if
the code is regenerated.
*/
/*
GO
SET ANSI_NULLS, ANSI_PADDING, ANSI_WARNINGS, ARITHABORT, CONCAT_NULL_YIELDS_NULL, QUOTED_IDENTIFIER ON;

SET NUMERIC_ROUNDABORT OFF;


GO
:setvar DatabaseName "Employees"
:setvar DefaultFilePrefix "Employees"
:setvar DefaultDataPath "C:\Program Files\Microsoft SQL Server\MSSQL12.SQLEXPRESS\MSSQL\DATA\"
:setvar DefaultLogPath "C:\Program Files\Microsoft SQL Server\MSSQL12.SQLEXPRESS\MSSQL\DATA\"

GO
:on error exit
GO
/*
Detect SQLCMD mode and disable script execution if SQLCMD mode is not supported.
To re-enable the script after enabling SQLCMD mode, execute the following:
SET NOEXEC OFF; 
*/
/*
:setvar __IsSqlCmdEnabled "True"
GO
IF N'$(__IsSqlCmdEnabled)' NOT LIKE N'True'
    BEGIN
        PRINT N'SQLCMD mode must be enabled to successfully execute this script.';
        SET NOEXEC ON;
    END


GO

IF (DB_ID(N'$(DatabaseName)') IS NOT NULL)
BEGIN
    DECLARE @rc      int,                       -- return code
            @fn      nvarchar(4000),            -- file name for back up
            @dir     nvarchar(4000)             -- backup directory

    EXEC @rc = [master].[dbo].[xp_instance_regread] N'HKEY_LOCAL_MACHINE', N'Software\Microsoft\MSSQLServer\MSSQLServer', N'BackupDirectory', @dir output, 'no_output'
    if (@rc = 0) SELECT @dir = @dir + N'\'

    IF (@dir IS NULL)
    BEGIN 
        EXEC @rc = [master].[dbo].[xp_instance_regread] N'HKEY_LOCAL_MACHINE', N'Software\Microsoft\MSSQLServer\MSSQLServer', N'DefaultData', @dir output, 'no_output'
        if (@rc = 0) SELECT @dir = @dir + N'\'
    END

    IF (@dir IS NULL)
    BEGIN
        EXEC @rc = [master].[dbo].[xp_instance_regread] N'HKEY_LOCAL_MACHINE', N'Software\Microsoft\MSSQLServer\Setup', N'SQLDataRoot', @dir output, 'no_output'
        if (@rc = 0) SELECT @dir = @dir + N'\Backup\'
    END

    IF (@dir IS NULL)
    BEGIN
        SELECT @dir = N'$(DefaultDataPath)'
    END

    SELECT  @fn = @dir + N'$(DatabaseName)' + N'-' + 
            CONVERT(nchar(8), GETDATE(), 112) + N'-' + 
            RIGHT(N'0' + RTRIM(CONVERT(nchar(2), DATEPART(hh, GETDATE()))), 2) + 
            RIGHT(N'0' + RTRIM(CONVERT(nchar(2), DATEPART(mi, getdate()))), 2) + 
            RIGHT(N'0' + RTRIM(CONVERT(nchar(2), DATEPART(ss, getdate()))), 2) + 
            N'.bak' 
            BACKUP DATABASE [$(DatabaseName)] TO DISK = @fn
END
GO
USE [master];


GO

IF (DB_ID(N'$(DatabaseName)') IS NOT NULL) 
BEGIN
    ALTER DATABASE [$(DatabaseName)]
    SET SINGLE_USER WITH ROLLBACK IMMEDIATE;
    DROP DATABASE [$(DatabaseName)];
END

GO
PRINT N'Creating $(DatabaseName)...'
GO
CREATE DATABASE [$(DatabaseName)]
    ON 
    PRIMARY(NAME = [$(DatabaseName)], FILENAME = N'$(DefaultDataPath)$(DefaultFilePrefix)_Primary.mdf')
    LOG ON (NAME = [$(DatabaseName)_log], FILENAME = N'$(DefaultLogPath)$(DefaultFilePrefix)_Primary.ldf') COLLATE Danish_Norwegian_CI_AS
GO
IF EXISTS (SELECT 1
           FROM   [master].[dbo].[sysdatabases]
           WHERE  [name] = N'$(DatabaseName)')
    BEGIN
        ALTER DATABASE [$(DatabaseName)]
            SET ANSI_NULLS ON,
                ANSI_PADDING ON,
                ANSI_WARNINGS ON,
                ARITHABORT ON,
                CONCAT_NULL_YIELDS_NULL ON,
                NUMERIC_ROUNDABORT OFF,
                QUOTED_IDENTIFIER ON,
                ANSI_NULL_DEFAULT ON,
                CURSOR_DEFAULT LOCAL,
                RECOVERY FULL,
                CURSOR_CLOSE_ON_COMMIT OFF,
                AUTO_CREATE_STATISTICS ON,
                AUTO_SHRINK OFF,
                AUTO_UPDATE_STATISTICS ON,
                RECURSIVE_TRIGGERS OFF 
            WITH ROLLBACK IMMEDIATE;
        ALTER DATABASE [$(DatabaseName)]
            SET AUTO_CLOSE OFF 
            WITH ROLLBACK IMMEDIATE;
    END


GO
IF EXISTS (SELECT 1
           FROM   [master].[dbo].[sysdatabases]
           WHERE  [name] = N'$(DatabaseName)')
    BEGIN
        ALTER DATABASE [$(DatabaseName)]
            SET ALLOW_SNAPSHOT_ISOLATION OFF;
    END


GO
IF EXISTS (SELECT 1
           FROM   [master].[dbo].[sysdatabases]
           WHERE  [name] = N'$(DatabaseName)')
    BEGIN
        ALTER DATABASE [$(DatabaseName)]
            SET READ_COMMITTED_SNAPSHOT OFF 
            WITH ROLLBACK IMMEDIATE;
    END


GO
IF EXISTS (SELECT 1
           FROM   [master].[dbo].[sysdatabases]
           WHERE  [name] = N'$(DatabaseName)')
    BEGIN
        ALTER DATABASE [$(DatabaseName)]
            SET AUTO_UPDATE_STATISTICS_ASYNC OFF,
                PAGE_VERIFY NONE,
                DATE_CORRELATION_OPTIMIZATION OFF,
                DISABLE_BROKER,
                PARAMETERIZATION SIMPLE,
                SUPPLEMENTAL_LOGGING OFF 
            WITH ROLLBACK IMMEDIATE;
    END


GO
IF IS_SRVROLEMEMBER(N'sysadmin') = 1
    BEGIN
        IF EXISTS (SELECT 1
                   FROM   [master].[dbo].[sysdatabases]
                   WHERE  [name] = N'$(DatabaseName)')
            BEGIN
                EXECUTE sp_executesql N'ALTER DATABASE [$(DatabaseName)]
    SET TRUSTWORTHY OFF,
        DB_CHAINING OFF 
    WITH ROLLBACK IMMEDIATE';
            END
    END
ELSE
    BEGIN
        PRINT N'The database settings cannot be modified. You must be a SysAdmin to apply these settings.';
    END


GO
IF IS_SRVROLEMEMBER(N'sysadmin') = 1
    BEGIN
        IF EXISTS (SELECT 1
                   FROM   [master].[dbo].[sysdatabases]
                   WHERE  [name] = N'$(DatabaseName)')
            BEGIN
                EXECUTE sp_executesql N'ALTER DATABASE [$(DatabaseName)]
    SET HONOR_BROKER_PRIORITY OFF 
    WITH ROLLBACK IMMEDIATE';
            END
    END
ELSE
    BEGIN
        PRINT N'The database settings cannot be modified. You must be a SysAdmin to apply these settings.';
    END


GO
ALTER DATABASE [$(DatabaseName)]
    SET TARGET_RECOVERY_TIME = 0 SECONDS 
    WITH ROLLBACK IMMEDIATE;


GO
IF EXISTS (SELECT 1
           FROM   [master].[dbo].[sysdatabases]
           WHERE  [name] = N'$(DatabaseName)')
    BEGIN
        ALTER DATABASE [$(DatabaseName)]
            SET FILESTREAM(NON_TRANSACTED_ACCESS = OFF),
                CONTAINMENT = NONE 
            WITH ROLLBACK IMMEDIATE;
    END


GO
IF EXISTS (SELECT 1
           FROM   [master].[dbo].[sysdatabases]
           WHERE  [name] = N'$(DatabaseName)')
    BEGIN
        ALTER DATABASE [$(DatabaseName)]
            SET AUTO_CREATE_STATISTICS ON(INCREMENTAL = OFF),
                MEMORY_OPTIMIZED_ELEVATE_TO_SNAPSHOT = OFF,
                DELAYED_DURABILITY = DISABLED 
            WITH ROLLBACK IMMEDIATE;
    END


GO
USE [$(DatabaseName)];


GO
IF fulltextserviceproperty(N'IsFulltextInstalled') = 1
    EXECUTE sp_fulltext_database 'enable';


GO
*/

PRINT N'Creating [dbo].[departments]...';


GO
CREATE TABLE [dbo].[departments] (
    [code]      CHAR (5)     NOT NULL,
    [name]      VARCHAR (30) NOT NULL,
    [managerid] INT          NULL,
    [subdeptof] CHAR (5)     NULL,
    CONSTRAINT [PK__departme__357D4CF8686C3EB8] PRIMARY KEY CLUSTERED ([code] ASC)
);


GO
PRINT N'Creating [dbo].[employees]...';


GO
CREATE TABLE [dbo].[employees] (
    [employeeid] INT            IDENTITY (1, 1) NOT NULL,
    [firstname]  VARCHAR (10)   NOT NULL,
    [lastname]   VARCHAR (20)   NOT NULL,
    [deptcode]   CHAR (5)       NULL,
    [salary]     NUMERIC (9, 2) NULL,
    CONSTRAINT [PK__employee__C135F5E9D19E4E63] PRIMARY KEY CLUSTERED ([employeeid] ASC)
);


GO
PRINT N'Creating [dbo].[projects]...';


GO
CREATE TABLE [dbo].[projects] (
    [projectid]   CHAR (8)        NOT NULL,
    [deptcode]    CHAR (5)        NOT NULL,
    [description] VARCHAR (200)   NOT NULL,
    [startdate]   DATE            NOT NULL,
    [enddate]     DATE            NULL,
    [revenue]     NUMERIC (12, 2) NOT NULL,
    CONSTRAINT [PK__projects__11EC39DDE0D424AC] PRIMARY KEY CLUSTERED ([projectid] ASC)
);


GO
PRINT N'Creating [dbo].[workson]...';


GO
CREATE TABLE [dbo].[workson] (
    [employeeid]   INT            NOT NULL,
    [projectid]    CHAR (8)       NOT NULL,
    [assignedtime] DECIMAL (3, 2) NULL,
    CONSTRAINT [PK__workson__002B367447A70A50] PRIMARY KEY CLUSTERED ([employeeid] ASC, [projectid] ASC)
);


GO
PRINT N'Creating [dbo].[DF_projects_startdate]...';


GO
ALTER TABLE [dbo].[projects]
    ADD CONSTRAINT [DF_projects_startdate] DEFAULT (getdate()) FOR [startdate];


GO
PRINT N'Creating [dbo].[FK__departmen__manag__1273C1CD]...';


GO
ALTER TABLE [dbo].[departments]
    ADD CONSTRAINT [FK__departmen__manag__1273C1CD] FOREIGN KEY ([managerid]) REFERENCES [dbo].[employees] ([employeeid]);


GO
PRINT N'Creating [dbo].[FK__departmen__subde__1367E606]...';


GO
ALTER TABLE [dbo].[departments]
    ADD CONSTRAINT [FK__departmen__subde__1367E606] FOREIGN KEY ([subdeptof]) REFERENCES [dbo].[departments] ([code]);


GO
PRINT N'Creating [dbo].[FK__employees__deptc__145C0A3F]...';


GO
ALTER TABLE [dbo].[employees]
    ADD CONSTRAINT [FK__employees__deptc__145C0A3F] FOREIGN KEY ([deptcode]) REFERENCES [dbo].[departments] ([code]);


GO
PRINT N'Creating [dbo].[FK__projects__deptco__173876EA]...';


GO
ALTER TABLE [dbo].[projects]
    ADD CONSTRAINT [FK__projects__deptco__173876EA] FOREIGN KEY ([deptcode]) REFERENCES [dbo].[departments] ([code]);


GO
PRINT N'Creating [dbo].[FK__workson__employe__1A14E395]...';


GO
ALTER TABLE [dbo].[workson]
    ADD CONSTRAINT [FK__workson__employe__1A14E395] FOREIGN KEY ([employeeid]) REFERENCES [dbo].[employees] ([employeeid]);


GO
PRINT N'Creating [dbo].[FK__workson__project__1B0907CE]...';


GO
ALTER TABLE [dbo].[workson]
    ADD CONSTRAINT [FK__workson__project__1B0907CE] FOREIGN KEY ([projectid]) REFERENCES [dbo].[projects] ([projectid]);


GO
/*
Post-Deployment Script Template							
--------------------------------------------------------------------------------------

*/

/*
-- Først den originale, kommenteret ud
INSERT INTO departments VALUES ('ADMIN', 'Administration', NULL, NULL);
INSERT INTO departments VALUES ('ACCNT', 'Accounting', NULL, 'ADMIN');
INSERT INTO departments VALUES ('CNSLT', 'Consulting', NULL, 'ADMIN');
INSERT INTO departments VALUES ('HDWRE', 'Hardware', NULL, 'CNSLT');

INSERT INTO employees VALUES (1, 'Al', 'Betheleader', 'ADMIN', 70000);
INSERT INTO employees VALUES (2, 'PI', 'Rsquared', 'ACCNT', 40000);
INSERT INTO employees VALUES (3, 'Harry', 'Hardware', 'HDWRE', 50000);
INSERT INTO employees VALUES (4, 'Sussie', 'Software', 'CNSLT', 60000);
INSERT INTO employees VALUES (5, 'Abe', 'Advice', 'CNSLT', 30000);
INSERT INTO employees VALUES (6, 'Hardly', 'Aware', NULL, 65000);

UPDATE departments SET managerid = 1 WHERE code = 'ADMIN';
UPDATE departments SET managerid = 2 WHERE code = 'ACCNT';
UPDATE departments SET managerid = 3 WHERE code = 'HDWRE';
UPDATE departments SET managerid = 4 WHERE code = 'CNSLT';

INSERT INTO projects VALUES ('EMPHAPPY', 'ADMIN', 'Employee Moral', '2002-03-14', NULL, 0);
INSERT INTO projects VALUES ('ROBOSPSE', 'CNSLT', 'Robotic Spouse', '2002-03-14', NULL, 200000);
INSERT INTO projects VALUES ('ADT4MFIA', 'ACCNT', 'Mofia Audit', '2003-07-3', '2003-11-30', 100000);
INSERT INTO PROJECTS VALUES ('DNLDCLNT', 'CNSLT', 'Download Client', '2005-02-03', NULL, 15000);

INSERT INTO workson VALUES (2, 'ADT4MFIA', 0.50);
INSERT INTO workson VALUES (3, 'ROBOSPSE', 0.75);
INSERT INTO workson VALUES (4, 'ROBOSPSE', 0.75);
INSERT INTO workson VALUES (5, 'ROBOSPSE', 0.50);
INSERT INTO workson VALUES (5, 'ADT4MFIA', 0.60);
INSERT INTO workson VALUES (3, 'DNLDCLNT', 0.25);
*/

-- Her kommer så m$ versionen. 'Meget' mere læselig ... hrmmmf

ALTER TABLE [dbo].[employees]  DROP CONSTRAINT [FK__employees__deptc__145C0A3F]
GO
ALTER TABLE [dbo].[departments] DROP CONSTRAINT [FK__departmen__subde__1367E606]
GO

SET IDENTITY_INSERT [dbo].[employees] ON 
GO
INSERT [dbo].[employees] ([employeeid], [firstname], [lastname], [deptcode], [salary]) VALUES (1, N'Al', N'Betheleader', N'ADMIN', CAST(70000.00 AS Numeric(9, 2)))
GO
INSERT [dbo].[employees] ([employeeid], [firstname], [lastname], [deptcode], [salary]) VALUES (2, N'PI', N'Rsquared', N'ACCNT', CAST(40000.00 AS Numeric(9, 2)))
GO
INSERT [dbo].[employees] ([employeeid], [firstname], [lastname], [deptcode], [salary]) VALUES (3, N'Harry', N'Hardware', N'HDWRE', CAST(50000.00 AS Numeric(9, 2)))
GO
INSERT [dbo].[employees] ([employeeid], [firstname], [lastname], [deptcode], [salary]) VALUES (4, N'Sussie', N'Software', N'CNSLT', CAST(60000.00 AS Numeric(9, 2)))
GO
INSERT [dbo].[employees] ([employeeid], [firstname], [lastname], [deptcode], [salary]) VALUES (5, N'Abe', N'Advice', N'CNSLT', CAST(30000.00 AS Numeric(9, 2)))
GO
INSERT [dbo].[employees] ([employeeid], [firstname], [lastname], [deptcode], [salary]) VALUES (6, N'Hardly', N'Aware', NULL, CAST(65000.00 AS Numeric(9, 2)))
GO
SET IDENTITY_INSERT [dbo].[employees] OFF
GO

INSERT [dbo].[departments] ([code], [name], [managerid], [subdeptof]) VALUES (N'ACCNT', N'Accounting', 2, N'ADMIN')
GO
INSERT [dbo].[departments] ([code], [name], [managerid], [subdeptof]) VALUES (N'ADMIN', N'Administration', 1, NULL)
GO
INSERT [dbo].[departments] ([code], [name], [managerid], [subdeptof]) VALUES (N'CNSLT', N'Consulting', 4, N'ADMIN')
GO
INSERT [dbo].[departments] ([code], [name], [managerid], [subdeptof]) VALUES (N'HDWRE', N'Hardware', 3, N'CNSLT')
GO

INSERT [dbo].[projects] ([projectid], [deptcode], [description], [startdate], [enddate], [revenue]) VALUES (N'ADT4MFIA', N'ACCNT', N'Mofia Audit', CAST(N'2003-07-03' AS Date), CAST(N'2003-11-30' AS Date), CAST(100000.00 AS Numeric(12, 2)))
GO
INSERT [dbo].[projects] ([projectid], [deptcode], [description], [startdate], [enddate], [revenue]) VALUES (N'DNLDCLNT', N'CNSLT', N'Download Client', CAST(N'2005-02-03' AS Date), NULL, CAST(15000.00 AS Numeric(12, 2)))
GO
INSERT [dbo].[projects] ([projectid], [deptcode], [description], [startdate], [enddate], [revenue]) VALUES (N'EMPHAPPY', N'ADMIN', N'Employee Moral', CAST(N'2002-03-14' AS Date), NULL, CAST(0.00 AS Numeric(12, 2)))
GO
INSERT [dbo].[projects] ([projectid], [deptcode], [description], [startdate], [enddate], [revenue]) VALUES (N'ROBOSPSE', N'CNSLT', N'Robotic Spouse', CAST(N'2002-03-14' AS Date), NULL, CAST(200000.00 AS Numeric(12, 2)))
GO

INSERT [dbo].[workson] ([employeeid], [projectid], [assignedtime]) VALUES (2, N'ADT4MFIA', CAST(0.50 AS Decimal(3, 2)))
GO
INSERT [dbo].[workson] ([employeeid], [projectid], [assignedtime]) VALUES (3, N'DNLDCLNT', CAST(0.25 AS Decimal(3, 2)))
GO
INSERT [dbo].[workson] ([employeeid], [projectid], [assignedtime]) VALUES (3, N'ROBOSPSE', CAST(0.75 AS Decimal(3, 2)))
GO
INSERT [dbo].[workson] ([employeeid], [projectid], [assignedtime]) VALUES (4, N'ROBOSPSE', CAST(0.75 AS Decimal(3, 2)))
GO
INSERT [dbo].[workson] ([employeeid], [projectid], [assignedtime]) VALUES (5, N'ADT4MFIA', CAST(0.60 AS Decimal(3, 2)))
GO
INSERT [dbo].[workson] ([employeeid], [projectid], [assignedtime]) VALUES (5, N'ROBOSPSE', CAST(0.50 AS Decimal(3, 2)))
GO
--ALTER TABLE [dbo].[departments]  WITH CHECK ADD  CONSTRAINT [FK__departmen__manag__1273C1CD] FOREIGN KEY([managerid])
--REFERENCES [dbo].[employees] ([employeeid])
--GO
--ALTER TABLE [dbo].[departments] CHECK CONSTRAINT [FK__departmen__manag__1273C1CD]
--GO
ALTER TABLE [dbo].[departments]  WITH CHECK ADD  CONSTRAINT [FK__departmen__subde__1367E606] FOREIGN KEY([subdeptof])
REFERENCES [dbo].[departments] ([code])
GO
ALTER TABLE [dbo].[departments] CHECK CONSTRAINT [FK__departmen__subde__1367E606]
GO
ALTER TABLE [dbo].[employees]  WITH CHECK ADD  CONSTRAINT [FK__employees__deptc__145C0A3F] FOREIGN KEY([deptcode])
REFERENCES [dbo].[departments] ([code])
GO
ALTER TABLE [dbo].[employees] CHECK CONSTRAINT [FK__employees__deptc__145C0A3F]
GO
--ALTER TABLE [dbo].[projects]  WITH CHECK ADD  CONSTRAINT [FK__projects__deptco__173876EA] FOREIGN KEY([deptcode])
--REFERENCES [dbo].[departments] ([code])
--GO
--ALTER TABLE [dbo].[projects] CHECK CONSTRAINT [FK__projects__deptco__173876EA]
--GO
--ALTER TABLE [dbo].[workson]  WITH CHECK ADD  CONSTRAINT [FK__workson__employe__1A14E395] FOREIGN KEY([employeeid])
--REFERENCES [dbo].[employees] ([employeeid])
--GO
--ALTER TABLE [dbo].[workson] CHECK CONSTRAINT [FK__workson__employe__1A14E395]
--GO
--ALTER TABLE [dbo].[workson]  WITH CHECK ADD  CONSTRAINT [FK__workson__project__1B0907CE] FOREIGN KEY([projectid])
--REFERENCES [dbo].[projects] ([projectid])
--GO
--ALTER TABLE [dbo].[workson] CHECK CONSTRAINT [FK__workson__project__1B0907CE]
--GO
GO

GO
DECLARE @VarDecimalSupported AS BIT;

SELECT @VarDecimalSupported = 0;

IF ((ServerProperty(N'EngineEdition') = 3)
    AND (((@@microsoftversion / power(2, 24) = 9)
          AND (@@microsoftversion & 0xffff >= 3024))
         OR ((@@microsoftversion / power(2, 24) = 10)
             AND (@@microsoftversion & 0xffff >= 1600))))
    SELECT @VarDecimalSupported = 1;

IF (@VarDecimalSupported > 0)
    BEGIN
        EXECUTE sp_db_vardecimal_storage_format N'$(DatabaseName)', 'ON';
    END


GO
PRINT N'Update complete.';


GO
